,dataset_name,method,k,theta,max,SSE,Total_time,allSSEs
0,Syn_n_50000_d_2_seed_0,asc,20,20,10,822490.2486048297,48.59786057472229,"(824313.2107042216, 824257.0284363973, 824114.7761229123, 824030.7285663147, 823905.2170225929, 823821.791341243, 823716.6685947368, 823627.9587439251, 823516.0395805684, 823433.5299049797, 823327.7365361983, 823240.8305338711, 823136.9462320133, 823052.8767712034, 822947.1816091157, 822866.7506830663, 822759.2278464474, 822678.2023674974, 822571.4391746831, 822490.2486048297)"
